<?xml version="1.0" encoding="UTF-8"?>
<!--Ant Script to setup configuration files for test cases-->

<project name="Bulk Operation">

	<property name="suite.struts.config.file" value="struts-config.xml" />
	<property name="suite.hibernate.config.file" value="hibernate.cfg.xml" />
	<property name="suite.tiles.def.file" value="tiles-defs.xml" />

	<target name="bulkoperation_integrate_app" description="deploys the Bulk Operation module">

		<!--Copying css files -->
		<copy todir="${deploy.temp.dir}/css" overwrite="false">
			<fileset file="${bulkoperation.base.dir}/css/catissue_suite.css" />
		</copy>

		<!--Copying jss files -->
		<copy todir="${deploy.temp.dir}/jss" overwrite="false">
			<fileset file="${bulkoperation.base.dir}/jss/ajax.js" />
			<fileset file="${bulkoperation.base.dir}/jss/javaScript.js" />
		</copy>

		<!--Copying struts config and tiles defs files -->
		<copy todir="${deploy.temp.dir}/WEB-INF" overwrite="true">
			<fileset file="${bulkoperation.base.dir}/bulkoperation-struts-config.xml" />
			<fileset file="${bulkoperation.base.dir}/bulkoperation-tiles-defs.xml" />
		</copy>

		<!--Copying JSP Pages -->
		<copy todir="${deploy.temp.dir}/pages/content/manageBioSpecimen/bulkOperations" overwrite="true">
			<fileset file="${bulkoperation.base.dir}/pages/BulkOperation.jsp" />
			<fileset file="${bulkoperation.base.dir}/pages/JobGridDashboard.jsp" />
			<fileset file="${bulkoperation.base.dir}/pages/BulkTemplate.jsp" />
		</copy>
		<!--
			Inject "/WEB-INF/bulkoperator-tiles-defs.xml" entry in suite
			struts-config.xml
		-->
		<replace file="${deploy.temp.dir}/WEB-INF/${suite.struts.config.file}">
			<replacefilter token="/WEB-INF/${suite.tiles.def.file}, /WEB-INF/bulkoperation-struts-config.xml" value="/WEB-INF/${suite.tiles.def.file}" />
			<replacefilter token="/WEB-INF/${suite.tiles.def.file}" value="/WEB-INF/${suite.tiles.def.file}, /WEB-INF/bulkoperation-tiles-defs.xml" />
		</replace>

		<!-- Inject advancequery-struts-config.xml entry in suite web.xml -->
		<replace file="${deploy.temp.dir}/WEB-INF/web.xml">
			<replacefilter token="/WEB-INF/${suite.struts.config.file}, /WEB-INF/bulkoperation-struts-config.xml" value="/WEB-INF/${suite.struts.config.file}" />
			<replacefilter token="/WEB-INF/${suite.struts.config.file}" value="/WEB-INF/${suite.struts.config.file}, /WEB-INF/bulkoperation-struts-config.xml" />
		</replace>

		<!--
			Concatenating the AppplicationResource.properties file from
			Bulk Opeartion to Suite AppplicationResource.properties file
		-->
		<echo message="Concatenating the Application Resources Properties file" />
		<concat destfile="${deploy.temp.dir}/WEB-INF/classes/ApplicationResources.properties" append="true" fixlastline="true">
			<fileset file="${bulkoperation.base.dir}/ApplicationResources.properties" />
		</concat>

		<!--Copying mapping.xml file-->
		<copy todir="${config.dir}" overwrite="true">
			<fileset dir="${bulkoperation.base.dir}">
				<include name="mapping.xml" />
			</fileset>
		</copy>

	</target>

	<target name="create_tables_for_bulk_operation" description="creates the tables for Bulk Operation module">
		<if>
			<equals arg1="${database.type}" arg2="oracle"/>
			<then>
				<sql driver="${database.driver}"
					url="${database.url}"
					userid="${database.username}" password="${database.password}" rdbms="oracle">
					<transaction src="${deploy.temp.dir}/bulkoperation/SQL/Oracle/CREATE_BULK_OPERATION_TABLES_FOR_ORACLE.sql" />
					<transaction>commit;</transaction>
					<classpath>
						<fileset dir="${parent.base.dir}">
							<include name="*.jar" />
						</fileset>
					</classpath>
				</sql>
			</then>
		<elseif>
			<equals arg1="${database.type}" arg2="mysql"/>
			<then>
				<sql driver="${database.driver}"
					url="${database.url}"
						userid="${database.username}" password="${database.password}" >
					<transaction src="${deploy.temp.dir}/bulkoperation/SQL/MySql/CREATE_BULK_OPERATION_TABLES_FOR_MYSQL.sql" />
					<transaction>commit;</transaction>
					<classpath>
						<fileset dir="${parent.base.dir}">
							<include name="*.jar" />
						</fileset>
					</classpath>
				</sql>
			</then>
		</elseif>
		</if>
	</target>

	<target name="replace-tiles-properties">
		<copy file="${deploy.temp.dir}/${war.dir}/WEB-INF/classes/BulkOperations.properties" todir="${deploy.temp.dir}/bulkoperation" overwrite="true" />
		<property file="${deploy.temp.dir}/bulkoperation/BulkOperations.properties" />
		<replace dir="${deploy.temp.dir}/bulkoperation/" propertyfile="BulkOperations.properties">
			<include name="bulkoperation-tiles-defs.xml" />
			<replacefilter token="@@tilesTitle@@" value="${tilesTitle}" />
			<replacefilter token="@@tilesHeader@@" value="${tilesHeader}" />
			<replacefilter token="@@tilesAppHeader@@" value="${tilesAppHeader}" />
			<replacefilter token="@@tilesMainMenu@@" value="${tilesMainMenu}" />
			<replacefilter token="@@tilesContent@@" value="${tilesContent}" />
			<replacefilter token="@@tilesAppFooter@@" value="${tilesAppFooter}" />
		</replace>
		<copy todir="${deploy.temp.dir}/${war.dir}/WEB-INF" overwrite="true">
			<fileset dir="${deploy.temp.dir}/bulkoperation/">
				<include name="bulkoperation-tiles-defs.xml" />
			</fileset>
		</copy>
	</target>

</project>