<?xml version="1.0" encoding="UTF-8"?>

<mapping>
	 <class name="edu.wustl.bulkoperator.metadata.BulkOperationClass">
	 	<field name="templateName" type="string">
			<bind-xml name="templateName" node="attribute"/>
		</field>
		<field name="className" type="string">
			<bind-xml name="className" node="attribute"/>
		</field>
		<field name="relationShipType" type="string">
			<bind-xml name="relationShipType" node="attribute"/>
		</field>
		<field name="cardinality" type="string">
			<bind-xml name="cardinality" node="attribute"/>
		</field>
		<field name="roleName" type="string">
			<bind-xml name="roleName" node="attribute"/>
		</field>
		<field name="parentRoleName" type="string">
			<bind-xml name="parentRoleName" node="attribute"/>
		</field>
		<field name="maxNoOfRecords" type="integer">
			<bind-xml name="maxNoOfRecords" node="attribute"/>
		</field>
		<field name="batchSize" type="integer">
			<bind-xml name="batchSize" node="attribute"/>
		</field>
		<field name="id" type="long">
			<bind-xml name="id" node="attribute"/>
		</field>
	
		<field name="containmentAssociationCollection" type="edu.wustl.bulkoperator.metadata.BulkOperationClass" collection="collection" />
		<field name="referenceAssociationCollection" type="edu.wustl.bulkoperator.metadata.BulkOperationClass" collection="collection" />
		<field name="dynExtEntityAssociationCollection" type="edu.wustl.bulkoperator.metadata.BulkOperationClass" collection="collection" />
		<field name="dynExtCategoryAssociationCollection" type="edu.wustl.bulkoperator.metadata.BulkOperationClass" collection="collection" />
		<field name="attributeCollection" type="edu.wustl.bulkoperator.metadata.Attribute" collection="collection" />
		<field name="hookingInformation" type="edu.wustl.bulkoperator.metadata.HookingInformation" collection="collection"/>
		
	</class>
	
	<class name="edu.wustl.bulkoperator.metadata.HookingInformation">
	 	<field name="containerId" type="long">
			<bind-xml name="containerId" node="attribute"/>
		</field>
		<field name="clinicalStudyEventLabel" type="string">
			<bind-xml name="clinicalStudyEventLabel" node="attribute"/>
		</field>
		<field name="formLabel" type="string">
			<bind-xml name="formLabel" node="attribute"/>
		</field>
		<field name="clinicalStudyTitle" type="string">
			<bind-xml name="clinicalStudyTitle" node="attribute"/>
		</field>
	 </class>	 
	
	<class name="edu.wustl.bulkoperator.metadata.BulkOperationMetaData">
	 <field name="BulkOperationClass" type="edu.wustl.bulkoperator.metadata.BulkOperationClass" collection="collection" />
	 </class>
	 <class name="edu.wustl.bulkoperator.metadata.Attribute">
	 	<field name="name" type="string">
			<bind-xml name="name" node="attribute"/>
		</field>
		<field name="dataType" type="string">
			<bind-xml name="dataType" node="attribute"/>
		</field>
		<field name="csvColumnName" type="string">
			<bind-xml name="csvColumnName" node="attribute"/>
		</field>
		<field name="updateBasedOn" type="boolean">
			<bind-xml name="updateBasedOn" node="attribute"/>
		</field>
		<field name="belongsTo" type="string">
			<bind-xml name="belongsTo" node="attribute"/>
		</field>
		<field name="id" type="long">
			<bind-xml name="id" node="attribute"/>
		</field>
		<field name="discriminatorCollection" type="edu.wustl.bulkoperator.metadata.AttributeDiscriminator" collection="collection" />
	 </class>
	 
	 <class name="edu.wustl.bulkoperator.metadata.AttributeDiscriminator">
	 	<field name="name" type="string">
			<bind-xml name="name" node="attribute"/>
		</field>
		<field name="value" type="string">
			<bind-xml name="value" node="attribute"/>
		</field>
	 </class>
	 
	 
	 
</mapping>